iter	RMSE	MAPE	MAE	R2
0	2.188554247	0.9858632277	1.693911815	0.001149635706
75	2.098101413	0.9350995291	1.613036494	0.082008295
150	2.016809497	0.8890254709	1.540091824	0.1517662088
225	1.943579943	0.8471827376	1.474336152	0.2122460588
